index,k__Bacteria;p__Bacteroidetes;c__Bacteroidia;o__Bacteroidales;f__Bacteroidaceae,k__Bacteria;p__Firmicutes;c__Clostridia;o__Clostridiales;f__Ruminococcaceae,k__Bacteria;p__Firmicutes;c__Clostridia;o__Clostridiales;f__Lachnospiraceae,k__Bacteria;p__Verrucomicrobia;c__Verrucomicrobiae;o__Verrucomicrobiales;f__Verrucomicrobiaceae,k__Bacteria;p__Firmicutes;c__Clostridia;o__Clostridiales;f__Veillonellaceae,k__Bacteria;p__Proteobacteria;c__Deltaproteobacteria;o__Desulfovibrionales;f__Desulfovibrionaceae,k__Bacteria;p__Bacteroidetes;c__Bacteroidia;o__Bacteroidales;f__Prevotellaceae,k__Bacteria;p__Firmicutes;c__Clostridia;o__Clostridiales;f__Clostridiaceae,k__Bacteria;p__Firmicutes;c__Erysipelotrichi;o__Erysipelotrichales;f__Erysipelotrichaceae,k__Bacteria;p__Proteobacteria;c__Gammaproteobacteria;o__Enterobacteriales;f__Enterobacteriaceae,k__Bacteria;p__Proteobacteria;c__Betaproteobacteria;o__Burkholderiales;__,k__Bacteria;p__Fusobacteria;c__Fusobacteriia;o__Fusobacteriales;f__Fusobacteriaceae,k__Bacteria;p__Firmicutes;c__Clostridia;o__Clostridiales;__,k__Bacteria;p__Bacteroidetes;c__Bacteroidia;o__Bacteroidales;f__[Paraprevotellaceae],k__Bacteria;p__Bacteroidetes;c__Bacteroidia;o__Bacteroidales;f__Porphyromonadaceae,k__Bacteria;p__Proteobacteria;c__Betaproteobacteria;o__Neisseriales;f__Neisseriaceae,k__Bacteria;p__Firmicutes;c__Clostridia;o__Clostridiales;f__[Tissierellaceae],k__Bacteria;p__Bacteroidetes;c__Bacteroidia;o__Bacteroidales;f__Rikenellaceae,k__Bacteria;p__Firmicutes;c__Clostridia;o__Clostridiales;f__,k__Bacteria;p__Proteobacteria;c__Betaproteobacteria;o__Burkholderiales;f__Comamonadaceae,k__Bacteria;p__Actinobacteria;c__Actinobacteria;o__Actinomycetales;f__Corynebacteriaceae,k__Bacteria;p__Bacteroidetes;c__Bacteroidia;o__Bacteroidales;__,k__Bacteria;p__Bacteroidetes;c__Bacteroidia;o__Bacteroidales;f__[Odoribacteraceae],k__Bacteria;p__Proteobacteria;c__Gammaproteobacteria;o__Pasteurellales;f__Pasteurellaceae,k__Bacteria;p__Firmicutes;c__Bacilli;o__Lactobacillales;f__Streptococcaceae,k__Bacteria;p__Bacteroidetes;c__Bacteroidia;o__Bacteroidales;f__[Barnesiellaceae],k__Bacteria;p__Firmicutes;c__Bacilli;__;__,k__Bacteria;p__Proteobacteria;c__Gammaproteobacteria;o__Pseudomonadales;f__Moraxellaceae,k__Bacteria;p__Fusobacteria;c__Fusobacteriia;o__Fusobacteriales;f__Leptotrichiaceae,k__Bacteria;p__Proteobacteria;c__Alphaproteobacteria;o__Rickettsiales;f__mitochondria,k__Bacteria;p__Cyanobacteria;c__Chloroplast;o__Streptophyta;f__,k__Bacteria;p__Firmicutes;c__Bacilli;o__Gemellales;f__Gemellaceae,k__Bacteria;p__Proteobacteria;c__Gammaproteobacteria;o__Pseudomonadales;f__Pseudomonadaceae,k__Bacteria;p__Proteobacteria;c__Betaproteobacteria;o__Burkholderiales;f__Burkholderiaceae,k__Bacteria;p__Proteobacteria;c__Alphaproteobacteria;o__Sphingomonadales;f__Sphingomonadaceae,k__Bacteria;p__Tenericutes;c__Mollicutes;o__Mycoplasmatales;f__Mycoplasmataceae,k__Bacteria;p__Proteobacteria;c__Betaproteobacteria;o__Methylophilales;f__Methylophilaceae,k__Bacteria;p__Actinobacteria;c__Actinobacteria;o__Actinomycetales;f__Micrococcaceae,k__Bacteria;p__Actinobacteria;c__Actinobacteria;o__Actinomycetales;f__Nocardiaceae,k__Bacteria;p__Bacteroidetes;c__Flavobacteriia;o__Flavobacteriales;f__[Weeksellaceae],k__Bacteria;p__Actinobacteria;c__Actinobacteria;o__Actinomycetales;f__Propionibacteriaceae,k__Bacteria;p__Proteobacteria;c__Betaproteobacteria;o__Burkholderiales;f__Alcaligenaceae,k__Bacteria;p__Firmicutes;c__Bacilli;o__Lactobacillales;f__Lactobacillaceae,k__Bacteria;p__[Thermi];c__Deinococci;o__Deinococcales;f__Deinococcaceae,k__Bacteria;p__Proteobacteria;c__Alphaproteobacteria;o__Rhodobacterales;f__Rhodobacteraceae,k__Bacteria;p__Proteobacteria;c__Alphaproteobacteria;o__Caulobacterales;f__Caulobacteraceae,k__Bacteria;p__Firmicutes;c__Bacilli;o__Lactobacillales;f__Carnobacteriaceae,k__Bacteria;p__Proteobacteria;c__Betaproteobacteria;o__Burkholderiales;f__Oxalobacteraceae,k__Bacteria;p__Proteobacteria;c__Epsilonproteobacteria;o__Campylobacterales;f__Campylobacteraceae,k__Bacteria;p__Firmicutes;c__Bacilli;o__Bacillales;f__Alicyclobacillaceae,k__Bacteria;p__Proteobacteria;c__Alphaproteobacteria;o__Rhizobiales;f__Bradyrhizobiaceae,k__Bacteria;p__Firmicutes;c__Clostridia;o__Clostridiales;f__[Mogibacteriaceae],k__Bacteria;p__Proteobacteria;c__Gammaproteobacteria;o__Xanthomonadales;f__Xanthomonadaceae,k__Bacteria;p__Firmicutes;c__Bacilli;o__Lactobacillales;f__Leuconostocaceae,k__Bacteria;p__Proteobacteria;c__Alphaproteobacteria;o__Rhizobiales;f__Methylobacteriaceae,k__Bacteria;p__Bacteroidetes;c__Flavobacteriia;o__Flavobacteriales;f__Flavobacteriaceae,k__Bacteria;p__Bacteroidetes;c__Sphingobacteriia;o__Sphingobacteriales;f__Sphingobacteriaceae,k__Bacteria;p__Firmicutes;c__Bacilli;o__Lactobacillales;f__Aerococcaceae,k__Bacteria;p__Proteobacteria;c__Alphaproteobacteria;o__Rhizobiales;f__Rhizobiaceae,k__Bacteria;p__Proteobacteria;c__Gammaproteobacteria;o__Cardiobacteriales;f__Cardiobacteriaceae,k__Bacteria;p__Proteobacteria;c__Gammaproteobacteria;o__Vibrionales;f__Vibrionaceae,k__Bacteria;p__Actinobacteria;c__Actinobacteria;o__Actinomycetales;f__Microbacteriaceae,k__Bacteria;p__Firmicutes;c__Bacilli;o__Bacillales;f__Bacillaceae,k__Bacteria;p__Proteobacteria;c__Alphaproteobacteria;o__Rhizobiales;f__Brucellaceae,k__Bacteria;p__Proteobacteria;c__Gammaproteobacteria;o__Aeromonadales;f__Aeromonadaceae,k__Bacteria;p__Actinobacteria;c__Actinobacteria;o__Actinomycetales;f__Intrasporangiaceae,k__Bacteria;p__Actinobacteria;c__Actinobacteria;o__Actinomycetales;f__Geodermatophilaceae,k__Bacteria;p__Bacteroidetes;c__Cytophagia;o__Cytophagales;f__Cytophagaceae,k__Bacteria;p__Actinobacteria;c__Actinobacteria;o__Actinomycetales;f__Actinomycetaceae,k__Bacteria;p__Firmicutes;c__Clostridia;o__Clostridiales;f__Peptostreptococcaceae,k__Bacteria;p__Synergistetes;c__Synergistia;o__Synergistales;f__Dethiosulfovibrionaceae,k__Bacteria;p__Proteobacteria;c__Betaproteobacteria;__;__,k__Bacteria;p__Spirochaetes;c__Spirochaetes;o__Spirochaetales;f__Spirochaetaceae,k__Bacteria;p__Actinobacteria;c__Coriobacteriia;o__Coriobacteriales;f__Coriobacteriaceae,k__Bacteria;p__Proteobacteria;c__Alphaproteobacteria;o__Sphingomonadales;f__Erythrobacteraceae,k__Bacteria;p__Firmicutes;c__Bacilli;o__Gemellales;f__,barcode-sequence,body-site,year,month,day,subject,reported-antibiotic-usage,days-since-experiment-start
L1S105,3145.0,620.0,765.0,119.0,107.0,52.0,46.0,23.0,20.0,20.0,19.0,18.0,22.0,21.0,7.0,5.0,4.0,2.0,2.0,3.0,0.0,0.0,0.0,0.0,0.0,0.0,0.0,0.0,0.0,0.0,0.0,0.0,0.0,0.0,0.0,0.0,0.0,0.0,0.0,0.0,0.0,0.0,0.0,0.0,0.0,0.0,0.0,0.0,0.0,0.0,0.0,0.0,0.0,0.0,0.0,0.0,0.0,0.0,0.0,0.0,0.0,0.0,0.0,0.0,0.0,0.0,0.0,0.0,0.0,0.0,0.0,0.0,0.0,0.0,0.0,0.0,AGTGCGATGCGT,gut,2009.0,3.0,17.0,subject-1,No,140.0
L1S140,3178.0,723.0,320.0,0.0,177.0,62.0,38.0,0.0,0.0,44.0,0.0,0.0,22.0,0.0,75.0,0.0,14.0,74.0,15.0,4.0,3.0,0.0,0.0,0.0,0.0,0.0,0.0,0.0,0.0,0.0,0.0,0.0,0.0,0.0,0.0,0.0,0.0,0.0,0.0,0.0,0.0,0.0,0.0,0.0,0.0,0.0,0.0,0.0,0.0,0.0,0.0,0.0,0.0,0.0,0.0,0.0,0.0,0.0,0.0,0.0,0.0,0.0,0.0,0.0,0.0,0.0,0.0,0.0,0.0,0.0,0.0,0.0,0.0,0.0,0.0,0.0,ATGGCAGCTCTA,gut,2008.0,10.0,28.0,subject-2,Yes,0.0
L1S208,3151.0,657.0,764.0,3.0,94.0,20.0,0.0,11.0,30.0,2.0,0.0,0.0,0.0,0.0,114.0,0.0,0.0,208.0,13.0,0.0,0.0,36.0,19.0,5.0,6.0,3.0,2.0,0.0,0.0,0.0,0.0,0.0,0.0,0.0,0.0,0.0,0.0,0.0,0.0,0.0,0.0,0.0,0.0,0.0,0.0,0.0,0.0,0.0,0.0,0.0,0.0,0.0,0.0,0.0,0.0,0.0,0.0,0.0,0.0,0.0,0.0,0.0,0.0,0.0,0.0,0.0,0.0,0.0,0.0,0.0,0.0,0.0,0.0,0.0,0.0,0.0,CTGAGATACGCG,gut,2009.0,1.0,20.0,subject-2,No,84.0
L1S257,1988.0,462.0,758.0,4.0,65.0,34.0,0.0,5.0,10.0,0.0,41.0,0.0,11.0,0.0,286.0,0.0,0.0,198.0,2.0,11.0,0.0,33.0,32.0,0.0,2.0,4.0,3.0,0.0,0.0,0.0,0.0,0.0,0.0,0.0,0.0,0.0,0.0,0.0,0.0,0.0,0.0,0.0,0.0,0.0,0.0,0.0,0.0,0.0,0.0,0.0,0.0,0.0,0.0,0.0,0.0,0.0,0.0,0.0,0.0,0.0,0.0,0.0,0.0,0.0,0.0,0.0,0.0,0.0,0.0,0.0,0.0,0.0,0.0,0.0,0.0,0.0,CCGACTGAGATG,gut,2009.0,3.0,17.0,subject-2,No,140.0
L1S281,1962.0,673.0,875.0,0.0,63.0,29.0,0.0,9.0,11.0,4.0,21.0,0.0,12.0,0.0,108.0,0.0,0.0,128.0,0.0,7.0,0.0,18.0,27.0,0.0,0.0,8.0,0.0,0.0,0.0,0.0,0.0,0.0,0.0,0.0,0.0,0.0,0.0,0.0,0.0,0.0,0.0,0.0,0.0,0.0,0.0,0.0,0.0,0.0,0.0,0.0,0.0,0.0,0.0,0.0,0.0,0.0,0.0,0.0,0.0,0.0,0.0,0.0,0.0,0.0,0.0,0.0,0.0,0.0,0.0,0.0,0.0,0.0,0.0,0.0,0.0,0.0,CCTCTCGTGATC,gut,2009.0,4.0,14.0,subject-2,No,168.0
L1S57,3139.0,639.0,1044.0,19.0,336.0,21.0,0.0,5.0,36.0,0.0,54.0,0.0,10.0,187.0,0.0,0.0,0.0,0.0,5.0,28.0,0.0,0.0,0.0,0.0,2.0,0.0,0.0,0.0,0.0,0.0,0.0,0.0,0.0,0.0,0.0,0.0,0.0,0.0,0.0,0.0,0.0,0.0,0.0,0.0,0.0,0.0,0.0,0.0,0.0,0.0,0.0,0.0,0.0,0.0,0.0,0.0,0.0,0.0,0.0,0.0,0.0,0.0,0.0,0.0,0.0,0.0,0.0,0.0,0.0,0.0,0.0,0.0,0.0,0.0,0.0,0.0,ACACACTATGGC,gut,2009.0,1.0,20.0,subject-1,No,84.0
L1S76,3290.0,635.0,683.0,3.0,110.0,18.0,0.0,10.0,48.0,124.0,35.0,0.0,18.0,43.0,0.0,2.0,0.0,2.0,0.0,16.0,0.0,0.0,0.0,0.0,0.0,0.0,0.0,0.0,0.0,0.0,0.0,0.0,0.0,0.0,0.0,0.0,0.0,0.0,0.0,0.0,0.0,0.0,0.0,0.0,0.0,0.0,0.0,0.0,0.0,0.0,0.0,0.0,0.0,0.0,0.0,0.0,0.0,0.0,0.0,0.0,0.0,0.0,0.0,0.0,0.0,0.0,0.0,0.0,0.0,0.0,0.0,0.0,0.0,0.0,0.0,0.0,ACTACGTGTGGT,gut,2009.0,2.0,17.0,subject-1,No,112.0
L1S8,3230.0,150.0,300.0,341.0,385.0,45.0,0.0,0.0,0.0,173.0,0.0,3.0,19.0,60.0,0.0,0.0,0.0,0.0,0.0,0.0,0.0,0.0,0.0,5.0,23.0,0.0,0.0,0.0,0.0,0.0,0.0,0.0,0.0,0.0,0.0,0.0,0.0,0.0,0.0,0.0,0.0,0.0,0.0,0.0,0.0,0.0,0.0,0.0,0.0,0.0,0.0,0.0,0.0,0.0,0.0,0.0,0.0,0.0,0.0,0.0,0.0,0.0,0.0,0.0,0.0,0.0,0.0,0.0,0.0,0.0,0.0,0.0,0.0,0.0,0.0,0.0,AGCTGACTAGTC,gut,2008.0,10.0,28.0,subject-1,Yes,0.0
L2S155,4.0,2.0,12.0,0.0,24.0,0.0,14.0,0.0,0.0,7.0,0.0,49.0,0.0,11.0,10.0,34.0,231.0,0.0,3.0,25.0,791.0,0.0,0.0,66.0,256.0,0.0,47.0,668.0,89.0,53.0,30.0,12.0,30.0,9.0,6.0,6.0,6.0,9.0,5.0,10.0,5.0,5.0,11.0,4.0,6.0,6.0,5.0,3.0,3.0,2.0,2.0,2.0,2.0,2.0,2.0,0.0,0.0,0.0,0.0,0.0,0.0,0.0,0.0,0.0,0.0,0.0,0.0,0.0,0.0,0.0,0.0,0.0,0.0,0.0,0.0,0.0,ACGATGCGACCA,left palm,2009.0,1.0,20.0,subject-1,No,84.0
L2S175,3.0,4.0,12.0,0.0,48.0,0.0,83.0,10.0,0.0,33.0,0.0,63.0,0.0,73.0,16.0,64.0,175.0,0.0,10.0,7.0,963.0,0.0,0.0,92.0,756.0,0.0,143.0,73.0,46.0,0.0,4.0,31.0,41.0,4.0,6.0,0.0,0.0,50.0,0.0,7.0,26.0,5.0,45.0,5.0,5.0,2.0,10.0,10.0,2.0,3.0,0.0,0.0,0.0,0.0,0.0,11.0,7.0,3.0,2.0,2.0,0.0,0.0,0.0,0.0,0.0,0.0,0.0,0.0,0.0,0.0,0.0,0.0,0.0,0.0,0.0,0.0,AGCTATCCACGA,left palm,2009.0,2.0,17.0,subject-1,No,112.0
L2S204,14.0,15.0,2.0,0.0,16.0,0.0,9.0,13.0,11.0,9.0,0.0,18.0,2.0,13.0,14.0,20.0,61.0,0.0,0.0,3.0,69.0,0.0,0.0,58.0,91.0,0.0,51.0,37.0,44.0,25.0,72.0,2.0,1056.0,0.0,6.0,2.0,0.0,4.0,0.0,5.0,3.0,2.0,9.0,0.0,2.0,2.0,0.0,14.0,0.0,0.0,0.0,0.0,0.0,2.0,0.0,41.0,143.0,0.0,2.0,0.0,4.0,2.0,1.0,0.0,0.0,0.0,0.0,0.0,0.0,0.0,0.0,0.0,0.0,0.0,0.0,0.0,ATGCAGCTCAGT,left palm,2009.0,3.0,17.0,subject-1,No,140.0
L2S222,33.0,4.0,8.0,0.0,17.0,0.0,6.0,10.0,6.0,9.0,0.0,37.0,0.0,27.0,34.0,70.0,50.0,0.0,0.0,6.0,89.0,0.0,0.0,279.0,115.0,0.0,31.0,193.0,38.0,12.0,79.0,8.0,69.0,19.0,21.0,0.0,0.0,15.0,4.0,57.0,3.0,0.0,11.0,0.0,9.0,4.0,0.0,27.0,0.0,0.0,0.0,3.0,59.0,0.0,6.0,74.0,13.0,0.0,0.0,0.0,0.0,5.0,16.0,8.0,6.0,6.0,4.0,3.0,0.0,0.0,0.0,0.0,0.0,0.0,0.0,0.0,CACGTGACATGT,left palm,2009.0,4.0,14.0,subject-1,No,168.0
L2S240,3.0,0.0,70.0,0.0,201.0,0.0,200.0,0.0,2.0,2.0,0.0,466.0,0.0,9.0,15.0,793.0,16.0,0.0,0.0,100.0,24.0,0.0,0.0,916.0,414.0,0.0,3.0,22.0,28.0,0.0,4.0,27.0,0.0,3.0,0.0,0.0,0.0,121.0,0.0,11.0,0.0,0.0,0.0,0.0,0.0,0.0,31.0,0.0,23.0,0.0,0.0,4.0,0.0,0.0,0.0,8.0,0.0,0.0,0.0,0.0,0.0,0.0,0.0,0.0,0.0,0.0,0.0,0.0,16.0,3.0,0.0,0.0,0.0,0.0,0.0,0.0,CATATCGCAGTT,left palm,2008.0,10.0,28.0,subject-2,Yes,0.0
L2S309,19.0,15.0,3.0,0.0,3.0,0.0,6.0,2.0,0.0,0.0,0.0,17.0,0.0,3.0,2.0,31.0,132.0,0.0,0.0,0.0,89.0,0.0,0.0,39.0,212.0,0.0,181.0,0.0,18.0,4.0,26.0,0.0,17.0,0.0,8.0,0.0,0.0,2.0,2.0,2.0,24.0,0.0,6.0,0.0,2.0,0.0,0.0,11.0,5.0,0.0,0.0,0.0,0.0,0.0,2.0,5.0,0.0,3.0,0.0,0.0,0.0,2.0,0.0,0.0,0.0,0.0,2.0,0.0,0.0,0.0,0.0,0.0,0.0,0.0,0.0,0.0,CGTGCATTATCA,left palm,2009.0,1.0,20.0,subject-2,No,84.0
L2S357,5.0,4.0,0.0,0.0,24.0,0.0,0.0,0.0,0.0,0.0,0.0,10.0,0.0,18.0,6.0,85.0,149.0,0.0,0.0,3.0,222.0,0.0,0.0,90.0,339.0,0.0,176.0,2.0,5.0,12.0,26.0,18.0,204.0,5.0,2.0,0.0,0.0,9.0,0.0,0.0,13.0,0.0,27.0,0.0,0.0,0.0,4.0,3.0,7.0,0.0,0.0,0.0,2.0,0.0,0.0,4.0,10.0,47.0,0.0,0.0,0.0,0.0,2.0,0.0,0.0,0.0,0.0,0.0,0.0,0.0,0.0,0.0,0.0,0.0,0.0,0.0,CTAACGCAGTCA,left palm,2009.0,3.0,17.0,subject-2,No,140.0
L2S382,2.0,0.0,41.0,0.0,198.0,0.0,281.0,0.0,7.0,2.0,0.0,297.0,0.0,80.0,68.0,147.0,134.0,0.0,14.0,21.0,185.0,0.0,0.0,126.0,412.0,0.0,60.0,6.0,50.0,0.0,4.0,6.0,2.0,116.0,0.0,0.0,0.0,22.0,0.0,15.0,28.0,0.0,0.0,0.0,0.0,0.0,4.0,0.0,42.0,0.0,0.0,30.0,0.0,0.0,0.0,36.0,0.0,15.0,0.0,18.0,0.0,0.0,0.0,0.0,0.0,0.0,0.0,9.0,0.0,19.0,30.0,14.0,31.0,11.0,0.0,0.0,CTCAATGACTCA,left palm,2009.0,4.0,14.0,subject-2,No,168.0
L3S242,478.0,11.0,30.0,18.0,58.0,12.0,0.0,0.0,0.0,32.0,0.0,0.0,4.0,11.0,0.0,0.0,0.0,0.0,0.0,0.0,0.0,0.0,0.0,2.0,4.0,0.0,0.0,0.0,0.0,0.0,0.0,0.0,0.0,0.0,0.0,0.0,0.0,0.0,0.0,0.0,0.0,0.0,0.0,0.0,0.0,0.0,0.0,0.0,0.0,0.0,0.0,0.0,0.0,0.0,0.0,0.0,0.0,0.0,0.0,0.0,0.0,0.0,0.0,0.0,0.0,0.0,0.0,0.0,0.0,0.0,0.0,0.0,0.0,0.0,0.0,0.0,ACAGTTGCGCGA,right palm,2008.0,10.0,28.0,subject-1,Yes,0.0
L3S294,0.0,0.0,0.0,0.0,3.0,0.0,2.0,0.0,0.0,3.0,0.0,2.0,0.0,4.0,0.0,14.0,58.0,0.0,0.0,12.0,303.0,0.0,0.0,9.0,37.0,0.0,38.0,219.0,9.0,10.0,50.0,0.0,11.0,0.0,0.0,0.0,0.0,6.0,0.0,0.0,6.0,2.0,0.0,0.0,0.0,0.0,0.0,0.0,0.0,0.0,0.0,0.0,0.0,0.0,0.0,0.0,2.0,0.0,0.0,0.0,0.0,0.0,0.0,0.0,0.0,0.0,0.0,0.0,0.0,0.0,0.0,0.0,0.0,0.0,0.0,0.0,CACGACAGGCTA,right palm,2009.0,1.0,20.0,subject-1,No,84.0
L3S313,4.0,2.0,0.0,0.0,8.0,0.0,10.0,2.0,0.0,6.0,0.0,4.0,0.0,3.0,2.0,12.0,74.0,0.0,0.0,0.0,244.0,0.0,0.0,10.0,165.0,0.0,100.0,9.0,2.0,0.0,0.0,10.0,9.0,2.0,2.0,0.0,0.0,14.0,0.0,0.0,10.0,9.0,15.0,4.0,0.0,2.0,3.0,0.0,0.0,0.0,0.0,0.0,0.0,0.0,0.0,0.0,0.0,2.0,0.0,2.0,0.0,0.0,0.0,0.0,0.0,0.0,0.0,0.0,0.0,0.0,0.0,0.0,0.0,0.0,0.0,0.0,AGTGTCACGGTG,right palm,2009.0,2.0,17.0,subject-1,No,112.0
L3S341,10.0,7.0,6.0,0.0,17.0,0.0,5.0,5.0,5.0,0.0,0.0,4.0,0.0,49.0,0.0,13.0,15.0,0.0,0.0,5.0,35.0,0.0,0.0,38.0,61.0,0.0,24.0,12.0,6.0,5.0,27.0,3.0,236.0,0.0,2.0,0.0,0.0,5.0,3.0,0.0,2.0,0.0,0.0,2.0,0.0,0.0,5.0,4.0,0.0,0.0,0.0,0.0,0.0,0.0,0.0,5.0,19.0,3.0,2.0,0.0,11.0,2.0,0.0,0.0,0.0,0.0,0.0,0.0,0.0,0.0,0.0,0.0,0.0,0.0,0.0,0.0,CAAGTGAGAGAG,right palm,2009.0,3.0,17.0,subject-1,No,140.0
L3S360,4.0,2.0,0.0,0.0,0.0,0.0,0.0,5.0,2.0,0.0,0.0,6.0,0.0,7.0,9.0,19.0,5.0,0.0,0.0,5.0,28.0,0.0,0.0,57.0,32.0,0.0,6.0,73.0,10.0,14.0,68.0,2.0,75.0,4.0,0.0,0.0,0.0,0.0,0.0,12.0,0.0,0.0,3.0,0.0,0.0,2.0,0.0,19.0,0.0,0.0,0.0,0.0,19.0,0.0,0.0,15.0,0.0,0.0,0.0,0.0,0.0,0.0,4.0,2.0,5.0,0.0,0.0,0.0,0.0,0.0,0.0,0.0,0.0,0.0,0.0,0.0,CATCGTATCAAC,right palm,2009.0,4.0,14.0,subject-1,No,168.0
L3S378,553.0,141.0,59.0,0.0,26.0,16.0,4.0,0.0,0.0,6.0,0.0,0.0,2.0,0.0,15.0,0.0,0.0,21.0,0.0,5.0,0.0,0.0,0.0,0.0,2.0,0.0,0.0,0.0,0.0,0.0,0.0,0.0,0.0,0.0,0.0,0.0,0.0,0.0,0.0,0.0,0.0,0.0,0.0,0.0,0.0,0.0,0.0,0.0,0.0,0.0,0.0,0.0,0.0,0.0,0.0,0.0,0.0,0.0,0.0,0.0,0.0,0.0,0.0,0.0,0.0,0.0,0.0,0.0,0.0,0.0,0.0,0.0,0.0,0.0,0.0,0.0,ATCGATCTGTGG,right palm,2008.0,10.0,28.0,subject-2,Yes,0.0
L4S112,37.0,32.0,36.0,0.0,117.0,0.0,21.0,13.0,17.0,4.0,0.0,52.0,0.0,61.0,14.0,250.0,378.0,0.0,0.0,16.0,629.0,0.0,0.0,282.0,1214.0,0.0,966.0,66.0,19.0,29.0,114.0,78.0,516.0,17.0,10.0,0.0,0.0,64.0,4.0,22.0,67.0,0.0,157.0,0.0,6.0,3.0,48.0,21.0,4.0,2.0,0.0,0.0,0.0,3.0,4.0,31.0,21.0,35.0,2.0,5.0,0.0,8.0,14.0,0.0,0.0,7.0,0.0,0.0,8.0,0.0,0.0,0.0,0.0,0.0,0.0,0.0,GCGTTACACACA,right palm,2009.0,3.0,17.0,subject-2,No,140.0
L4S137,3.0,0.0,38.0,0.0,223.0,0.0,223.0,0.0,5.0,51.0,0.0,227.0,0.0,158.0,87.0,426.0,293.0,0.0,4.0,901.0,623.0,0.0,0.0,566.0,1433.0,0.0,231.0,4.0,50.0,0.0,22.0,89.0,8.0,119.0,32.0,0.0,17.0,47.0,0.0,24.0,22.0,0.0,3.0,0.0,0.0,0.0,47.0,0.0,22.0,0.0,0.0,20.0,0.0,0.0,0.0,55.0,0.0,33.0,0.0,24.0,0.0,0.0,0.0,0.0,0.0,0.0,0.0,434.0,16.0,13.0,19.0,10.0,12.0,7.0,67.0,62.0,GAACTGTATCTC,right palm,2009.0,4.0,14.0,subject-2,No,168.0
L4S63,12.0,0.0,26.0,0.0,43.0,0.0,60.0,16.0,5.0,14.0,0.0,242.0,0.0,24.0,52.0,143.0,1130.0,0.0,0.0,7.0,709.0,0.0,0.0,239.0,540.0,0.0,959.0,93.0,315.0,58.0,289.0,15.0,143.0,11.0,46.0,16.0,0.0,58.0,14.0,20.0,81.0,0.0,90.0,0.0,50.0,135.0,19.0,87.0,13.0,4.0,8.0,2.0,3.0,3.0,14.0,13.0,17.0,13.0,7.0,0.0,0.0,15.0,0.0,11.0,0.0,8.0,7.0,0.0,14.0,0.0,0.0,0.0,0.0,0.0,0.0,0.0,CTCGTGGAGTAG,right palm,2009.0,1.0,20.0,subject-2,No,84.0
L5S104,4.0,0.0,17.0,0.0,97.0,0.0,196.0,0.0,0.0,0.0,0.0,125.0,0.0,2.0,0.0,11.0,2.0,0.0,0.0,0.0,0.0,0.0,0.0,441.0,328.0,0.0,0.0,0.0,3.0,38.0,211.0,23.0,0.0,0.0,0.0,0.0,0.0,147.0,0.0,3.0,0.0,0.0,0.0,0.0,0.0,0.0,40.0,0.0,8.0,0.0,0.0,0.0,0.0,0.0,0.0,0.0,0.0,0.0,0.0,0.0,0.0,0.0,0.0,0.0,0.0,0.0,0.0,0.0,23.0,0.0,0.0,0.0,0.0,0.0,0.0,0.0,CAGTGTCAGGAC,tongue,2008.0,10.0,28.0,subject-1,Yes,0.0
L5S155,3.0,0.0,11.0,0.0,63.0,0.0,99.0,0.0,0.0,0.0,0.0,33.0,0.0,0.0,3.0,383.0,0.0,0.0,0.0,0.0,0.0,0.0,0.0,379.0,277.0,0.0,0.0,0.0,2.0,0.0,0.0,18.0,0.0,0.0,0.0,0.0,0.0,47.0,0.0,0.0,0.0,0.0,0.0,0.0,0.0,0.0,19.0,0.0,6.0,0.0,0.0,0.0,0.0,0.0,0.0,0.0,0.0,0.0,0.0,0.0,0.0,0.0,0.0,0.0,0.0,0.0,0.0,0.0,4.0,0.0,0.0,0.0,0.0,0.0,0.0,0.0,ATCTTAGACTGC,tongue,2009.0,1.0,20.0,subject-1,No,84.0
L5S174,0.0,0.0,19.0,0.0,190.0,0.0,559.0,0.0,2.0,0.0,0.0,81.0,0.0,35.0,0.0,63.0,0.0,0.0,0.0,0.0,0.0,0.0,0.0,202.0,170.0,0.0,0.0,0.0,6.0,0.0,0.0,10.0,0.0,0.0,0.0,0.0,0.0,29.0,0.0,0.0,0.0,0.0,0.0,0.0,0.0,0.0,15.0,0.0,17.0,0.0,0.0,10.0,0.0,0.0,0.0,0.0,0.0,0.0,0.0,0.0,0.0,0.0,0.0,0.0,0.0,0.0,0.0,0.0,17.0,0.0,0.0,0.0,0.0,4.0,0.0,0.0,CAGACATTGCGT,tongue,2009.0,2.0,17.0,subject-1,No,112.0
L5S203,4.0,0.0,33.0,0.0,99.0,0.0,133.0,0.0,0.0,0.0,0.0,150.0,0.0,10.0,0.0,364.0,2.0,0.0,2.0,0.0,2.0,0.0,0.0,272.0,335.0,0.0,0.0,0.0,6.0,0.0,0.0,12.0,2.0,3.0,0.0,0.0,0.0,63.0,0.0,0.0,0.0,0.0,0.0,0.0,0.0,0.0,23.0,0.0,29.0,0.0,0.0,3.0,0.0,0.0,0.0,2.0,0.0,0.0,0.0,0.0,0.0,0.0,0.0,0.0,0.0,0.0,0.0,0.0,12.0,0.0,0.0,0.0,0.0,0.0,0.0,0.0,CGATGCACCAGA,tongue,2009.0,3.0,17.0,subject-1,No,140.0
L5S222,0.0,0.0,17.0,0.0,105.0,0.0,382.0,0.0,2.0,0.0,0.0,404.0,0.0,2.0,5.0,389.0,9.0,0.0,0.0,0.0,0.0,0.0,0.0,320.0,211.0,0.0,2.0,0.0,17.0,0.0,7.0,32.0,0.0,0.0,0.0,0.0,0.0,19.0,0.0,0.0,0.0,0.0,0.0,0.0,0.0,0.0,19.0,0.0,15.0,0.0,0.0,10.0,0.0,0.0,0.0,0.0,0.0,0.0,0.0,0.0,0.0,0.0,0.0,0.0,0.0,0.0,0.0,0.0,6.0,0.0,0.0,0.0,0.0,0.0,0.0,0.0,CTAGAGACTCTT,tongue,2009.0,4.0,14.0,subject-1,No,168.0
L5S240,2.0,0.0,21.0,0.0,65.0,0.0,76.0,0.0,0.0,0.0,0.0,129.0,0.0,0.0,14.0,305.0,0.0,0.0,2.0,0.0,0.0,0.0,0.0,437.0,145.0,0.0,0.0,0.0,3.0,0.0,0.0,12.0,2.0,0.0,0.0,0.0,0.0,80.0,0.0,0.0,0.0,0.0,0.0,0.0,0.0,0.0,28.0,0.0,4.0,0.0,0.0,0.0,0.0,0.0,0.0,0.0,0.0,0.0,0.0,0.0,0.0,0.0,0.0,0.0,0.0,0.0,0.0,0.0,2.0,2.0,0.0,0.0,0.0,0.0,0.0,0.0,CTGGACTCATAG,tongue,2008.0,10.0,28.0,subject-2,Yes,0.0
L6S20,8.0,0.0,134.0,0.0,233.0,0.0,207.0,0.0,6.0,0.0,0.0,481.0,0.0,11.0,30.0,2688.0,2.0,0.0,2.0,0.0,0.0,0.0,0.0,779.0,289.0,0.0,0.0,0.0,32.0,0.0,0.0,11.0,0.0,14.0,0.0,0.0,0.0,81.0,0.0,6.0,0.0,0.0,0.0,0.0,0.0,0.0,19.0,0.0,56.0,0.0,0.0,11.0,0.0,0.0,0.0,0.0,0.0,0.0,0.0,0.0,0.0,0.0,0.0,0.0,0.0,0.0,0.0,0.0,55.0,14.0,0.0,0.0,0.0,2.0,0.0,0.0,GAGGCTCATCAT,tongue,2009.0,1.0,20.0,subject-2,No,84.0
L6S68,2.0,0.0,71.0,0.0,185.0,0.0,194.0,0.0,9.0,0.0,0.0,723.0,0.0,30.0,21.0,1392.0,3.0,0.0,8.0,0.0,0.0,0.0,0.0,1034.0,511.0,0.0,0.0,0.0,46.0,0.0,0.0,21.0,0.0,2.0,0.0,0.0,0.0,173.0,0.0,5.0,0.0,0.0,0.0,0.0,0.0,0.0,84.0,0.0,23.0,0.0,0.0,6.0,0.0,0.0,0.0,4.0,0.0,2.0,0.0,2.0,0.0,0.0,0.0,0.0,0.0,0.0,0.0,0.0,20.0,7.0,0.0,0.0,0.0,5.0,0.0,0.0,GATACGTCCTGA,tongue,2009.0,3.0,17.0,subject-2,No,140.0
L6S93,3.0,0.0,91.0,0.0,379.0,0.0,1467.0,0.0,22.0,0.0,0.0,459.0,0.0,457.0,29.0,1044.0,6.0,0.0,11.0,0.0,0.0,0.0,0.0,592.0,465.0,0.0,0.0,0.0,57.0,0.0,0.0,8.0,0.0,2.0,0.0,0.0,0.0,27.0,0.0,9.0,0.0,0.0,0.0,0.0,0.0,0.0,17.0,0.0,92.0,0.0,0.0,0.0,0.0,0.0,0.0,4.0,0.0,0.0,0.0,0.0,0.0,0.0,0.0,0.0,0.0,0.0,0.0,0.0,10.0,0.0,0.0,0.0,0.0,10.0,0.0,0.0,GATTAGCACTCT,tongue,2009.0,4.0,14.0,subject-2,No,168.0
